{
  "batch_size": 32,
  "epochs": 5,
  "model_base": "bert-base-multilingual-cased",
  "timestamp": "2025-02-07T00:14:20.302412",
  "visualization_settings": {
    "dpi": 300,
    "style": "publication",
    "font_family": "Times New Roman"
  },
  "analysis_results": {
    "etymological_mean": 0.8102081418037415,
    "control_mean": 0.7135592699050903,
    "etymological_std": 0.12065650522708893,
    "control_std": 0.20110361278057098,
    "t_statistic": 1.5419733650893075,
    "p_value": 0.13516461808528932,
    "cohens_d": 0.5828111491915483
  }
}