{
  "etymological_mean": 0.7940836968658606,
  "control_mean": 0.7706835777961023,
  "etymological_std": 0.028779906310003132,
  "control_std": 0.03128755768361811,
  "total_pairs": 15,
  "total_greek_terms": 10,
  "total_latin_terms": 15
}