{
  "batch_size": 32,
  "epochs": 5,
  "model_base": "bert-base-multilingual-cased",
  "timestamp": "2025-02-06T23:54:23.739414",
  "visualization_settings": {
    "dpi": 300,
    "style": "publication",
    "font_family": "Times New Roman"
  },
  "analysis_results": {
    "etymological_mean": 0.8003630042076111,
    "control_mean": 0.8010439276695251,
    "etymological_std": 0.05659572035074234,
    "control_std": 0.049498602747917175,
    "t_statistic": -0.03388563479397398,
    "p_value": 0.9732271560960427,
    "cohens_d": -0.012807566077199475
  }
}