{
  "etymological_mean": 0.8141230079826451,
  "control_mean": 0.7801944615802131,
  "etymological_std": 0.0033888397559777997,
  "control_std": 0.02332677748816148,
  "total_pairs": 10,
  "total_greek_terms": 5,
  "total_latin_terms": 10
}